{
  "model_type": "enhanced_decision_rules",
  "version": "VulnHunter_V4_Enhanced",
  "training_timestamp": "2025-10-14T19:10:12.265995",
  "feature_names": [
    "confidence_adjustment",
    "file_exists",
    "function_exists",
    "has_security_controls",
    "confidence",
    "severity_encoded",
    "severity_mismatch",
    "high_confidence",
    "framework_protection"
  ],
  "false_positive_stats": {
    "confidence_adjustment": {
      "mean": 0.9005333151099182,
      "std": 0.059740215313388
    },
    "file_exists": {
      "mean": 0.7124505928853755,
      "std": 0.45261986874490207
    },
    "function_exists": {
      "mean": 0.7213438735177866,
      "std": 0.4483379190478339
    },
    "has_security_controls": {
      "mean": 0.3339920948616601,
      "std": 0.4716369105907424
    },
    "confidence": {
      "mean": 0.7844768486394761,
      "std": 0.10056151149301376
    },
    "severity_encoded": {
      "mean": 3.0098814229249014,
      "std": 0.991017555957591
    },
    "severity_mismatch": {
      "mean": 1.0,
      "std": 0.0
    },
    "high_confidence": {
      "mean": 0.45948616600790515,
      "std": 0.4983559262768539
    },
    "framework_protection": {
      "mean": 0.3339920948616601,
      "std": 0.4716369105907424
    }
  },
  "true_positive_stats": {
    "confidence_adjustment": {
      "mean": 0.23871899766160007,
      "std": 0.18606326202084336
    },
    "file_exists": {
      "mean": 1.0,
      "std": 0.0
    },
    "function_exists": {
      "mean": 1.0,
      "std": 0.0
    },
    "has_security_controls": {
      "mean": 0.41125,
      "std": 0.49206040025590353
    },
    "confidence": {
      "mean": 0.7721504139211993,
      "std": 0.08327569152725658
    },
    "severity_encoded": {
      "mean": 2.6825,
      "std": 0.7012087777545286
    },
    "severity_mismatch": {
      "mean": 0.55875,
      "std": 0.4965364412608606
    },
    "high_confidence": {
      "mean": 0.40125,
      "std": 0.4901514434335576
    },
    "framework_protection": {
      "mean": 0.41125,
      "std": 0.49206040025590353
    }
  },
  "decision_rules": {
    "file_exists_threshold": 0.5,
    "function_exists_threshold": 0.5,
    "confidence_adjustment_threshold": 0.7,
    "framework_protection_boost": 0.3,
    "severity_mismatch_penalty": 0.8
  },
  "training_data_size": 1812,
  "false_positive_rate": 0.5584988962472406
}