train_loss,val_loss,train_acc,val_acc,train_precision,val_precision,train_recall,val_recall,train_f1,val_f1
2.687860369682312,2.779599189758301,0.6,0.3333333333333333,0.6666666666666666,0.3333333333333333,0.8571428571428571,1.0,0.75,0.5
2.690488576889038,2.7795426845550537,0.5,0.3333333333333333,0.625,0.3333333333333333,0.7142857142857143,1.0,0.6666666666666666,0.5
2.705286383628845,2.779463529586792,0.7,0.3333333333333333,0.7,0.3333333333333333,1.0,1.0,0.8235294117647058,0.5
