{
  "training_timestamp": "2025-10-16T00:23:10.642118",
  "best_model": "lightgbm",
  "model_performance": {
    "random_forest": {
      "accuracy": 0.9880478087649402,
      "precision": 0.9310344827586207,
      "recall": 0.9642857142857143,
      "f1_score": 0.9473684210526315,
      "cv_mean": 0.9071736066427674,
      "cv_std": 0.05800994380622511
    },
    "gradient_boosting": {
      "accuracy": 0.9960159362549801,
      "precision": 1.0,
      "recall": 0.9642857142857143,
      "f1_score": 0.9818181818181818,
      "cv_mean": 0.9860465116279069,
      "cv_std": 0.011392975547828756
    },
    "xgboost": {
      "accuracy": 0.9960159362549801,
      "precision": 1.0,
      "recall": 0.9642857142857143,
      "f1_score": 0.9818181818181818,
      "cv_mean": 0.9906976744186047,
      "cv_std": 0.011392975547828756
    },
    "lightgbm": {
      "accuracy": 1.0,
      "precision": 1.0,
      "recall": 1.0,
      "f1_score": 1.0,
      "cv_mean": 0.9862532299741602,
      "cv_std": 0.011230534226435725
    }
  },
  "training_data_stats": {
    "total_samples": 1255,
    "true_positives": 139,
    "false_positives": 1116
  },
  "feature_engineering": {
    "text_features": [
      "0x",
      "0x account",
      "0x account is",
      "0x00fdd58e",
      "0x00fdd58e to",
      "0x00fdd58e to id",
      "0x1626ba7e",
      "0x1626ba7e signature",
      "0x1626ba7e signature validation",
      "0x1626ba7e validation",
      "0x1626ba7e validation succeeded",
      "0x18160ddd",
      "0x18160ddd unsafe",
      "0x18160ddd unsafe external",
      "0x6352211e",
      "0x6352211e id",
      "0x6352211e id unsafe",
      "0x70a08231",
      "0x70a08231 abi",
      "0x70a08231 abi decode",
      "0x70a08231 addresses",
      "0x70a08231 addresses potential",
      "0x70a08231 to",
      "0x70a08231 to unsafe",
      "0xbd85b039",
      "0xbd85b039 id",
      "0xbd85b039 id unsafe",
      "0xe47d6060",
      "0xe47d6060 addr",
      "0xe47d6060 addr unsafe",
      "0xfe575a87",
      "0xfe575a87 addr",
      "0xfe575a87 addr unsafe",
      "0xffffffff",
      "0xffffffff function",
      "0xffffffff function isvalidsignature",
      "10",
      "10 ether",
      "10 ether potential",
      "1271",
      "1271 isvalidsignature",
      "1271 isvalidsignature call",
      "_addowneratindex",
      "_addowneratindex abi",
      "_addowneratindex abi encode",
      "_amount",
      "_amount external",
      "_amount external whennotpaused",
      "_amount potential",
      "_amount potential reentrancy",
      "_approved",
      "_approved uint256",
      "_approved uint256 _t",
      "_approved uint256 _tokenid",
      "_data",
      "_data external",
      "_data external payable",
      "_from",
      "_from addre",
      "_from address",
      "_from address _to",
      "_getmultiownablestorage",
      "_getmultiownablestorage nextownerindex",
      "_getmultiownablestorage nextownerindex multi",
      "_isvalidsignature",
      "_isvalidsignature hash",
      "_isvalidsignature hash replaysafehash",
      "_isvalidsignature this",
      "_isvalidsignature this allows",
      "_li",
      "_link",
      "_link balanceof",
      "_link balanceof address",
      "_link transfer",
      "_link transfer msg",
      "_linketh",
      "_linkethfeed",
      "_linkethfeed oracle",
      "_linkethfeed oracle price",
      "_linknativefeed",
      "_linknativefeed oracle",
      "_linknativefeed oracle price",
      "_maxt",
      "_maxtotalgas",
      "_maxtotalgas bytes",
      "_maxtotalgas bytes calldata",
      "_mint",
      "_mint msg",
      "_mint msg sender",
      "_recipient",
      "_recipient _amount",
      "_recipient _amount potential",
      "_recipient amount",
      "_recipient amount potential",
      "_requiresufficientbalance",
      "_requiresufficientbalance link",
      "_requiresufficientbalance link transfer",
      "_t",
      "_target",
      "_target staticcall"
    ],
    "numerical_features": [
      "confidence",
      "code_length",
      "description_length",
      "is_critical",
      "is_high",
      "is_medium",
      "is_staking",
      "is_oracle",
      "is_smart_wallet",
      "is_stablecoin",
      "has_transfer",
      "has_call",
      "has_onlyowner",
      "has_require",
      "has_safemath",
      "has_erc677",
      "has_link"
    ]
  }
}