{
  "training_config": {
    "model_type": "Neural-Formal Verification",
    "version": "0.4.0",
    "neural_weight": 0.5,
    "proof_weight": 0.3,
    "path_weight": 0.2,
    "learning_rate": 0.0001,
    "num_epochs": 20,
    "num_samples": 1000,
    "vulnerability_types": 10
  },
  "final_metrics": {
    "neural_loss": 0.5216153959827029,
    "proof_loss": 0.44873355144719834,
    "total_loss": 0.39968776342551104,
    "neural_accuracy": 0.713,
    "proof_accuracy": 0.746,
    "combined_accuracy": 0.768
  },
  "training_time_seconds": 0.17728900909423828,
  "training_history": {
    "neural_accuracy": [
      0.61,
      0.607,
      0.606,
      0.601,
      0.593,
      0.603,
      0.616,
      0.606,
      0.64,
      0.61,
      0.636,
      0.633,
      0.652,
      0.676,
      0.683,
      0.672,
      0.69,
      0.694,
      0.694,
      0.687
    ],
    "proof_accuracy": [
      0.766,
      0.748,
      0.758,
      0.768,
      0.757,
      0.745,
      0.756,
      0.769,
      0.752,
      0.748,
      0.759,
      0.743,
      0.758,
      0.761,
      0.763,
      0.748,
      0.753,
      0.752,
      0.76,
      0.756
    ],
    "combined_accuracy": [
      0.775,
      0.753,
      0.772,
      0.774,
      0.765,
      0.755,
      0.766,
      0.783,
      0.77,
      0.756,
      0.766,
      0.756,
      0.771,
      0.771,
      0.775,
      0.762,
      0.771,
      0.775,
      0.776,
      0.775
    ],
    "neural_loss": [
      0.5959098096311382,
      0.6037222750432024,
      0.5869580913681691,
      0.594569507594439,
      0.5980217462540948,
      0.5994319665621788,
      0.5899272405258454,
      0.5934031320508901,
      0.5765724491568103,
      0.5971765903698635,
      0.5753328677465624,
      0.5681120676044868,
      0.5611883764752362,
      0.5553234578033227,
      0.5460857134913788,
      0.5512717448505264,
      0.538052815692865,
      0.5371900030066887,
      0.5274793723390762,
      0.5306608313085716
    ],
    "proof_loss": [
      0.46755029485631067,
      0.47139336716840663,
      0.4720886106052864,
      0.4645258613485756,
      0.4742601617628557,
      0.47486965537494197,
      0.4690918230614314,
      0.46210987905602907,
      0.4650945526732687,
      0.4694305359628598,
      0.4593240748017607,
      0.4632585945176506,
      0.4670117924641211,
      0.45922355932475023,
      0.45490774715014604,
      0.4649715722019125,
      0.4580179328572236,
      0.45778389865259905,
      0.4503973423142597,
      0.4530455420530003
    ],
    "total_loss": [
      0.4436799932724618,
      0.4488191476721234,
      0.44068562886567036,
      0.44238251220179264,
      0.4469689216559038,
      0.4477568798935716,
      0.4413111671813523,
      0.4406545297422548,
      0.4326945903803864,
      0.44469745597378885,
      0.43054365631380875,
      0.4279536121575379,
      0.4260777259768547,
      0.42024879669908655,
      0.4141551808907331,
      0.4200673440858373,
      0.41097178770359943,
      0.410490171099124,
      0.40337888886381573,
      0.4059240782701864
    ]
  },
  "timestamp": "2025-11-01T15:40:17.028377",
  "nfv_capabilities": {
    "neural_prediction": true,
    "formal_verification": true,
    "proof_guided_learning": true,
    "exploit_witness_generation": true,
    "multi_vulnerability_detection": true
  },
  "performance_comparison": {
    "neural_only_accuracy": 0.713,
    "proof_only_accuracy": 0.746,
    "nfv_combined_accuracy": 0.768,
    "improvement_over_neural": 0.05500000000000005,
    "improvement_over_proof": 0.02200000000000002
  }
}