{
  "metrics": {
    "accuracy": 0.88,
    "precision": 0.8064516129032258,
    "recall": 1.0,
    "f1_score": 0.8928571428571429,
    "fpr": 0.24,
    "fnr": 0.0,
    "throughput": 213.1099347048814,
    "avg_inference_time": 4.692413806915283,
    "verification_coverage": 0.76,
    "tp": 50,
    "fp": 12,
    "tn": 38,
    "fn": 0
  },
  "confidence_intervals": {},
  "dataset": "data/comprehensive_test_suite.json",
  "n_samples": 100
}