configuration,accuracy,f1_score,fpr,fnr
Full System,0.9745344412435474,0.9791801440855794,0.018404103287713913,0.013669454762972526
Without Formal Verification,0.9232194100955233,0.9270152847084281,0.025771678324951957,0.08171207997481776
Without GNN,0.8957962849990131,0.9042661774502222,0.02911839455846441,0.106634622294495
Without Transformer,0.8705893740366878,0.8825544947931085,0.03975348746911972,0.12822590495823083
Without Adversarial Training,0.9163570630452195,0.9210578070238267,0.021652784967352283,0.08895145817504864
