{
  "comparison_date": "2025-10-13T22:10:52.278672",
  "models_compared": 2,
  "model_names": [
    "BGNN4VD",
    "RandomForest_Baseline"
  ],
  "overall_comparison": {
    "accuracy": {
      "BGNN4VD": 0.9549342830602247,
      "RandomForest_Baseline": 0.9549342830602247
    },
    "precision": {
      "BGNN4VD": 0.9208520709648645,
      "RandomForest_Baseline": 0.9208520709648645
    },
    "recall": {
      "BGNN4VD": 0.9511922134525174,
      "RandomForest_Baseline": 0.9511922134525174
    },
    "f1_score": {
      "BGNN4VD": 0.93577628150608,
      "RandomForest_Baseline": 0.93577628150608
    },
    "auc_roc": {
      "BGNN4VD": 0.9614876993791499,
      "RandomForest_Baseline": 0.9614876993791499
    }
  },
  "vulnerability_type_comparison": {},
  "performance_ranking": {
    "f1_score": [
      {
        "model": "BGNN4VD",
        "score": 0.93577628150608
      },
      {
        "model": "RandomForest_Baseline",
        "score": 0.93577628150608
      }
    ],
    "accuracy": [
      {
        "model": "BGNN4VD",
        "score": 0.9549342830602247
      },
      {
        "model": "RandomForest_Baseline",
        "score": 0.9549342830602247
      }
    ],
    "auc_roc": [
      {
        "model": "BGNN4VD",
        "score": 0.9614876993791499
      },
      {
        "model": "RandomForest_Baseline",
        "score": 0.9614876993791499
      }
    ]
  },
  "recommendations": []
}