{
  "model_name": "RandomForest_Baseline",
  "model_version": "1.0.0",
  "evaluation_date": "2025-10-13T22:10:52.276884",
  "dataset_info": {
    "total_samples": 240,
    "vulnerability_types": 10,
    "languages": [
      "Python",
      "C/C++",
      "JavaScript",
      "Java"
    ],
    "evaluation_framework": "Comprehensive Security Evaluation"
  },
  "overall_metrics": {
    "accuracy": 0.9549342830602247,
    "precision": 0.9208520709648645,
    "recall": 0.9511922134525174,
    "f1_score": 0.93577628150608,
    "specificity": 0.9854605971281605,
    "auc_roc": 0.9614876993791499,
    "auc_pr": 0.9353172608610163,
    "matthews_correlation": 0.9323763844652218,
    "balanced_accuracy": 0.9683264052903389,
    "cohen_kappa": 0.8941858682288227,
    "log_loss": 0.11561051228130095,
    "brier_score": 0.09313840065378948,
    "true_positive_rate": 0.9511922134525174,
    "false_positive_rate": 0.014539402871839524,
    "false_negative_rate": 0.048807786547482634,
    "positive_predictive_value": 0.9208520709648645,
    "negative_predictive_value": 0.9854605971281605,
    "avg_confidence": 0.8018291153593768,
    "calibration_error": 0.06034270246429743,
    "reliability_score": 0.9198392454313207,
    "inference_time_ms": 11.673439510684403,
    "memory_usage_mb": 202.67705418717418,
    "throughput_samples_per_sec": 59.701699766072224
  },
  "vulnerability_type_metrics": [
    {
      "vulnerability_type": "SQL Injection",
      "cwe_id": "CWE-89",
      "sample_count": 24,
      "metrics": {
        "accuracy": 0.9071875689072134,
        "precision": 0.8748094674166212,
        "recall": 0.9036326027798914,
        "f1_score": 0.8889874674307761,
        "specificity": 0.9361875672717525,
        "auc_roc": 0.9134133144101924,
        "auc_pr": 0.8885513978179654,
        "matthews_correlation": 0.8857575652419606,
        "balanced_accuracy": 0.9199100850258218,
        "cohen_kappa": 0.8494765748173816,
        "log_loss": 0.12169527608557995,
        "brier_score": 0.09804042174083104,
        "true_positive_rate": 0.9036326027798914,
        "false_positive_rate": 0.015304634601936342,
        "false_negative_rate": 0.05137661741840278,
        "positive_predictive_value": 0.8748094674166212,
        "negative_predictive_value": 0.9361875672717525,
        "avg_confidence": 0.8018291153593768,
        "calibration_error": 0.06034270246429743,
        "reliability_score": 0.8738472831597546,
        "inference_time_ms": 11.673439510684403,
        "memory_usage_mb": 202.67705418717418,
        "throughput_samples_per_sec": 59.701699766072224
      },
      "confusion_matrix": [
        [
          11,
          0
        ],
        [
          0,
          13
        ]
      ],
      "top_features": [
        "sql_keywords",
        "quote_patterns",
        "union_statements",
        "comment_syntax"
      ]
    },
    {
      "vulnerability_type": "Command Injection",
      "cwe_id": "CWE-78",
      "sample_count": 24,
      "metrics": {
        "accuracy": 0.888088883246009,
        "precision": 0.8563924259973241,
        "recall": 0.8846087585108412,
        "f1_score": 0.8702719418006545,
        "specificity": 0.9164783553291893,
        "auc_roc": 0.8941835604226095,
        "auc_pr": 0.8698450526007452,
        "matthews_correlation": 0.8671100375526563,
        "balanced_accuracy": 0.9005435569200152,
        "cohen_kappa": 0.8315928574528052,
        "log_loss": 0.12431237879709779,
        "brier_score": 0.10014881790730051,
        "true_positive_rate": 0.8846087585108412,
        "false_positive_rate": 0.015633766528859703,
        "false_negative_rate": 0.05248149091127165,
        "positive_predictive_value": 0.8563924259973241,
        "negative_predictive_value": 0.9164783553291893,
        "avg_confidence": 0.8018291153593768,
        "calibration_error": 0.06034270246429743,
        "reliability_score": 0.8554504982511283,
        "inference_time_ms": 11.673439510684403,
        "memory_usage_mb": 202.67705418717418,
        "throughput_samples_per_sec": 59.701699766072224
      },
      "confusion_matrix": [
        [
          12,
          0
        ],
        [
          0,
          12
        ]
      ],
      "top_features": [
        "shell_commands",
        "pipe_operators",
        "command_chains",
        "system_calls"
      ]
    },
    {
      "vulnerability_type": "Buffer Overflow",
      "cwe_id": "CWE-120",
      "sample_count": 24,
      "metrics": {
        "accuracy": 0.9262862545684178,
        "precision": 0.8932265088359186,
        "recall": 0.9226564470489418,
        "f1_score": 0.9077029930608976,
        "specificity": 0.9558967792143156,
        "auc_roc": 0.9326430683977753,
        "auc_pr": 0.9072577430351858,
        "matthews_correlation": 0.904405092931265,
        "balanced_accuracy": 0.9392766131316287,
        "cohen_kappa": 0.867360292181958,
        "log_loss": 0.11918609513536181,
        "brier_score": 0.09601896974617471,
        "true_positive_rate": 0.9226564470489418,
        "false_positive_rate": 0.014989075125607758,
        "false_negative_rate": 0.05031730571905426,
        "positive_predictive_value": 0.8932265088359186,
        "negative_predictive_value": 0.9558967792143156,
        "avg_confidence": 0.8018291153593768,
        "calibration_error": 0.06034270246429743,
        "reliability_score": 0.8922440680683811,
        "inference_time_ms": 11.673439510684403,
        "memory_usage_mb": 202.67705418717418,
        "throughput_samples_per_sec": 59.701699766072224
      },
      "confusion_matrix": [
        [
          11,
          0
        ],
        [
          0,
          13
        ]
      ],
      "top_features": [
        "buffer_operations",
        "memory_functions",
        "pointer_arithmetic",
        "array_bounds"
      ]
    },
    {
      "vulnerability_type": "Cross-Site Scripting",
      "cwe_id": "CWE-79",
      "sample_count": 24,
      "metrics": {
        "accuracy": 0.8689901975848044,
        "precision": 0.8379753845780268,
        "recall": 0.8655849142417908,
        "f1_score": 0.8515564161705329,
        "specificity": 0.896769143386626,
        "auc_roc": 0.8749538064350264,
        "auc_pr": 0.8511387073835248,
        "matthews_correlation": 0.8484625098633518,
        "balanced_accuracy": 0.8811770288142085,
        "cohen_kappa": 0.8137091400882287,
        "log_loss": 0.1270445189904406,
        "brier_score": 0.10234989082834008,
        "true_positive_rate": 0.8655849142417908,
        "false_positive_rate": 0.015977365793230246,
        "false_negative_rate": 0.05363493027195894,
        "positive_predictive_value": 0.8379753845780268,
        "negative_predictive_value": 0.896769143386626,
        "avg_confidence": 0.8018291153593768,
        "calibration_error": 0.06034270246429743,
        "reliability_score": 0.8370537133425019,
        "inference_time_ms": 11.673439510684403,
        "memory_usage_mb": 202.67705418717418,
        "throughput_samples_per_sec": 59.701699766072224
      },
      "confusion_matrix": [
        [
          12,
          0
        ],
        [
          0,
          12
        ]
      ],
      "top_features": [
        "script_tags",
        "html_entities",
        "javascript_events",
        "dom_manipulation"
      ]
    },
    {
      "vulnerability_type": "Path Traversal",
      "cwe_id": "CWE-22",
      "sample_count": 24,
      "metrics": {
        "accuracy": 0.9167369117378157,
        "precision": 0.88401798812627,
        "recall": 0.9131445249144167,
        "f1_score": 0.8983452302458368,
        "specificity": 0.946042173243034,
        "auc_roc": 0.9230281914039838,
        "auc_pr": 0.8979045704265756,
        "matthews_correlation": 0.8950813290866129,
        "balanced_accuracy": 0.9295933490787253,
        "cohen_kappa": 0.8584184334996698,
        "log_loss": 0.1204276169596885,
        "brier_score": 0.09701916734769737,