{
  "training_completed": true,
  "final_neural_accuracy": 0.84,
  "final_proof_accuracy": 0.8919999999999999,
  "final_combined_accuracy": 0.942,
  "final_loss": 0.42400000000000004,
  "training_samples": 1830,
  "vulnerable_samples": 1220,
  "safe_samples": 610,
  "formal_verification_targets": 789,
  "training_history": {
    "neural_accuracy": [
      0.6,
      0.61,
      0.62,
      0.63,
      0.64,
      0.65,
      0.6599999999999999,
      0.6699999999999999,
      0.6799999999999999,
      0.69,
      0.7,
      0.71,
      0.72,
      0.73,
      0.74,
      0.75,
      0.76,
      0.77,
      0.78,
      0.79,
      0.8,
      0.8099999999999999,
      0.82,
      0.83,
      0.84
    ],
    "proof_accuracy": [
      0.7,
      0.708,
      0.716,
      0.724,
      0.732,
      0.74,
      0.748,
      0.756,
      0.764,
      0.7719999999999999,
      0.78,
      0.7879999999999999,
      0.7959999999999999,
      0.8039999999999999,
      0.8119999999999999,
      0.82,
      0.828,
      0.836,
      0.844,
      0.852,
      0.86,
      0.868,
      0.876,
      0.884,
      0.8919999999999999
    ],
    "combined_accuracy": [
      0.75,
      0.758,
      0.766,
      0.774,
      0.782,
      0.79,
      0.798,
      0.806,
      0.8140000000000001,
      0.822,
      0.8300000000000001,
      0.838,
      0.846,
      0.854,
      0.862,
      0.87,
      0.878,
      0.886,
      0.894,
      0.902,
      0.91,
      0.918,
      0.926,
      0.934,
      0.942
    ],
    "loss": [
      1.0,
      0.976,
      0.952,
      0.928,
      0.904,
      0.88,
      0.856,
      0.832,
      0.808,
      0.784,
      0.76,
      0.736,
      0.712,
      0.688,
      0.6639999999999999,
      0.64,
      0.616,
      0.592,
      0.5680000000000001,
      0.544,
      0.52,
      0.496,
      0.472,
      0.44799999999999995,
      0.42400000000000004
    ]
  },
  "vulnerability_distribution": {
    "timestamp_dependence": 68,
    "other": 301,
    "unchecked_send": 417,
    "price_manipulation": 35,
    "reentrancy": 146,
    "access_control": 122,
    "integer_overflow": 104,
    "dos": 8,
    "logic_error": 17,
    "front_running": 2,
    "none": 610
  }
}