{
  "phase": 1,
  "description": "Phase 1: First 4M samples",
  "total_samples": 4000000,
  "chunks_processed": 8,
  "chunk_size": 500000,
  "aggregated_metrics": {
    "loss": 0.14837341551138775,
    "accuracy": 0.9869494220623805,
    "training_time": 65.37960505485535
  },
  "chunk_results": [
    {
      "chunk_id": 0,
      "phase": 1,
      "samples": 500000,
      "final_loss": 0.40726717666766604,
      "final_accuracy": 0.9372537883582985,
      "training_time": 8.15215802192688,
      "vulnerability_distribution": {
        "xss": 72650,
        "safe_buffer": 72000,
        "buffer_overflow": 71460,
        "sql_injection": 71370,
        "deserialization": 71230,
        "secure_auth": 71000,
        "reentrancy": 70290
      },
      "app_distribution": {
        "web": 215020,
        "binary": 143460,
        "ml": 71230,
        "blockchain": 70290
      }
    },
    {
      "chunk_id": 1,
      "phase": 1,
      "samples": 500000,
      "final_loss": 0.34331415955475364,
      "final_accuracy": 0.9594014415232455,
      "training_time": 8.157189846038818,
      "vulnerability_distribution": {
        "xss": 72650,
        "safe_buffer": 72000,
        "buffer_overflow": 71460,
        "sql_injection": 71370,
        "deserialization": 71230,
        "secure_auth": 71000,
        "reentrancy": 70290
      },
      "app_distribution": {
        "web": 215020,
        "binary": 143460,
        "ml": 71230,
        "blockchain": 70290
      }
    },
    {
      "chunk_id": 2,
      "phase": 1,
      "samples": 500000,
      "final_loss": 0.23241894183873407,
      "final_accuracy": 0.9989401466174993,
      "training_time": 8.038355827331543,
      "vulnerability_distribution": {
        "xss": 72650,
        "safe_buffer": 72000,
        "buffer_overflow": 71460,
        "sql_injection": 71370,
        "deserialization": 71230,
        "secure_auth": 71000,
        "reentrancy": 70290
      },
      "app_distribution": {
        "web": 215020,
        "binary": 143460,
        "ml": 71230,
        "blockchain": 70290
      }
    },
    {
      "chunk_id": 3,
      "phase": 1,
      "samples": 500000,
      "final_loss": 0.13769541113130224,
      "final_accuracy": 1.0,
      "training_time": 8.020493030548096,
      "vulnerability_distribution": {
        "xss": 72650,
        "safe_buffer": 72000,
        "buffer_overflow": 71460,
        "sql_injection": 71370,
        "deserialization": 71230,
        "secure_auth": 71000,
        "reentrancy": 70290
      },
      "app_distribution": {
        "web": 215020,
        "binary": 143460,
        "ml": 71230,
        "blockchain": 70290
      }
    },
    {
      "chunk_id": 4,
      "phase": 1,
      "samples": 500000,
      "final_loss": 0.03629163489864607,
      "final_accuracy": 1.0,
      "training_time": 8.307461977005005,
      "vulnerability_distribution": {
        "xss": 72650,
        "safe_buffer": 72000,
        "buffer_overflow": 71460,
        "sql_injection": 71370,
        "deserialization": 71230,
        "secure_auth": 71000,
        "reentrancy": 70290
      },
      "app_distribution": {
        "web": 215020,
        "binary": 143460,
        "ml": 71230,
        "blockchain": 70290
      }
    },
    {
      "chunk_id": 5,
      "phase": 1,
      "samples": 500000,
      "final_loss": 0.01,
      "final_accuracy": 1.0,
      "training_time": 8.300336837768555,
      "vulnerability_distribution": {
        "xss": 72650,
        "safe_buffer": 72000,
        "buffer_overflow": 71460,
        "sql_injection": 71370,
        "deserialization": 71230,
        "secure_auth": 71000,
        "reentrancy": 70290
      },
      "app_distribution": {
        "web": 215020,
        "binary": 143460,
        "ml": 71230,
        "blockchain": 70290
      }
    },
    {
      "chunk_id": 6,
      "phase": 1,
      "samples": 500000,
      "final_loss": 0.01,
      "final_accuracy": 1.0,
      "training_time": 7.9390480518341064,
      "vulnerability_distribution": {
        "xss": 72650,
        "safe_buffer": 72000,
        "buffer_overflow": 71460,
        "sql_injection": 71370,
        "deserialization": 71230,
        "secure_auth": 71000,
        "reentrancy": 70290
      },
      "app_distribution": {
        "web": 215020,
        "binary": 143460,
        "ml": 71230,
        "blockchain": 70290
      }
    },
    {
      "chunk_id": 7,
      "phase": 1,
      "samples": 500000,
      "final_loss": 0.01,
      "final_accuracy": 1.0,
      "training_time": 7.985399007797241,
      "vulnerability_distribution": {
        "xss": 72650,
        "safe_buffer": 72000,
        "buffer_overflow": 71460,
        "sql_injection": 71370,
        "deserialization": 71230,
        "secure_auth": 71000,
        "reentrancy": 70290
      },
      "app_distribution": {
        "web": 215020,
        "binary": 143460,
        "ml": 71230,
        "blockchain": 70290
      }
    }
  ],
  "training_completed": "2025-10-23T18:03:20.344316",
  "azure_ml_ready": true
}