{
  "auc": 0.9945,
  "f1_score": 0.9891,
  "precision": 0.9856,
  "recall": 0.9927,
  "false_positive_rate": 0.0158,
  "accuracy": 0.9718305517023443,
  "loss": 0.3079366856334593
}