{
  "training_results": {
    "random_forest": {
      "training_accuracy": 0.9991,
      "training_time": 62.28248071670532
    },
    "extra_trees": {
      "training_accuracy": 1.0,
      "training_time": 5.968844175338745
    },
    "gradient_boosting": {
      "training_accuracy": 0.8986125,
      "training_time": 167.67796182632446
    },
    "ada_boost": {
      "training_accuracy": 0.8986,
      "training_time": 39.49395513534546
    },
    "decision_tree": {
      "training_accuracy": 0.8992125,
      "training_time": 11.77853798866272
    },
    "logistic_regression": {
      "training_accuracy": 0.898575,
      "training_time": 0.9257664680480957
    },
    "ridge_classifier": {
      "training_accuracy": 0.898575,
      "training_time": 0.33823299407958984
    },
    "svc": {
      "training_accuracy": 0.8985875,
      "training_time": 25941.317370653152
    },
    "gaussian_nb": {
      "training_accuracy": 0.8983625,
      "training_time": 0.3212299346923828
    },
    "mlp": {
      "training_accuracy": 0.899775,
      "training_time": 112.52894043922424
    },
    "knn": {
      "training_accuracy": 0.9094375,
      "training_time": 126.45803761482239
    }
  },
  "evaluation_results": {
    "random_forest": {
      "accuracy": 0.8986,
      "precision": 0.0,
      "recall": 0.0,
      "f1_score": 0.0,
      "roc_auc": 0.5014411388787554
    },
    "extra_trees": {
      "accuracy": 0.8986,
      "precision": 0.0,
      "recall": 0.0,
      "f1_score": 0.0,
      "roc_auc": 0.4980537196585879
    },
    "gradient_boosting": {
      "accuracy": 0.89865,
      "precision": 1.0,
      "recall": 0.0004930966469428008,
      "f1_score": 0.0009857072449482504,
      "roc_auc": 0.502838310064615
    },
    "ada_boost": {
      "accuracy": 0.8986,
      "precision": 0.0,
      "recall": 0.0,
      "f1_score": 0.0,
      "roc_auc": 0.5030487513778831
    },
    "decision_tree": {
      "accuracy": 0.89815,
      "precision": 0.2,
      "recall": 0.0014792899408284023,
      "f1_score": 0.002936857562408223,
      "roc_auc": 0.5057437034422602
    },
    "logistic_regression": {
      "accuracy": 0.8986,
      "precision": 0.0,
      "recall": 0.0,
      "f1_score": 0.0,
      "roc_auc": 0.5105976818640964
    },
    "ridge_classifier": {
      "accuracy": 0.8986,
      "precision": 0.0,
      "recall": 0.0,
      "f1_score": 0.0
    },
    "svc": {
      "accuracy": 0.8986,
      "precision": 0.0,
      "recall": 0.0,
      "f1_score": 0.0,
      "roc_auc": 0.499049529599188
    },
    "gaussian_nb": {
      "accuracy": 0.89845,
      "precision": 0.2,
      "recall": 0.0004930966469428008,
      "f1_score": 0.000983767830791933,
      "roc_auc": 0.5084285175581038
    },
    "mlp": {
      "accuracy": 0.8929,
      "precision": 0.08088235294117647,
      "recall": 0.005424063116370809,
      "f1_score": 0.010166358595194085,
      "roc_auc": 0.5061370942570758
    },
    "knn": {
      "accuracy": 0.87605,
      "precision": 0.10229276895943562,
      "recall": 0.028599605522682446,
      "f1_score": 0.04470134874759152,
      "roc_auc": 0.5017475683190727
    }
  },
  "dataset_info": {
    "total_samples": 100000,
    "training_samples": 80000,
    "test_samples": 20000,
    "feature_count": 104,
    "vulnerability_rate": 0.10142
  },
  "performance_summary": {
    "models_trained": 11,
    "best_f1_model": "knn",
    "average_f1": 0.0054340036346303645,
    "average_accuracy": 0.8959818181818181
  }
}